episode_num,cumulative_reward,mean_reward,cumulative_power_consumption,mean_power_consumption,cumulative_comfort_penalty,mean_comfort_penalty,cumulative_power_penalty,mean_power_penalty,comfort_violation (%),mean_comfort_violation,std_comfort_violation,cumulative_comfort_violation,length(timesteps),time_elapsed(seconds)
0,-28776.92890804472,-0.41062969332255594,364032885.25558466,5194.533180016904,-21150.569290530966,-0.3018060686434213,-36403.28852555847,-0.5194533180016905,61.92351598173516,0.3018060686434213,0.5068336028152909,21150.569290530966,35040,31536000
1,-28749.44219331586,-0.41023747421968976,364110540.44121546,5195.64127341917,-21087.83034251017,-0.3009108210974625,-36411.054044121556,-0.5195641273419171,61.8892694063927,0.3009108210974625,0.5043636276668217,21087.83034251017,35040,31536000
2,-29026.731050727285,-0.41419422161425923,369691564.67888623,5275.27917635397,-21084.305633565942,-0.3008605255931213,-36969.15646788862,-0.527527917635397,62.10045662100456,0.3008605255931213,0.5047712578474491,21084.305633565942,35040,31536000
3,-28774.871563127974,-0.41060033623184894,366887320.17907065,5235.264271961624,-20861.01110834889,-0.2976742452675355,-36688.73201790707,-0.5235264271961625,61.71803652968036,0.2976742452675355,0.5020001493465457,20861.01110834889,35040,31536000
4,-28982.690980888798,-0.4135657959601712,370080082.2484353,5280.823091444568,-20957.37373693406,-0.29904928277588555,-37008.00822484353,-0.5280823091444568,62.043378995433784,0.29904928277588555,0.5029492524294212,20957.37373693406,35040,31536000
