episode_num,cumulative_reward,mean_reward,cumulative_power_consumption,mean_power_consumption,cumulative_comfort_penalty,mean_comfort_penalty,cumulative_power_penalty,mean_power_penalty,comfort_violation (%),length(timesteps),time_elapsed(seconds)
0,-11881.133237861808,-0.3390734371535904,188720327.22902763,5385.854087586405,-4890.2337528208545,-0.13956146554854038,-18872.032722902757,-0.5385854087586404,29.666095890410958,35040,31536000
1,-11977.330172545448,-0.341818783463055,190571161.06491798,5438.674687925742,-4897.5442385991,-0.13977009813353597,-19057.1161064918,-0.5438674687925742,29.68892694063927,35040,31536000
2,-12023.596701442,-0.34313917526946347,191780737.56881842,5473.19456532016,-4869.119646002158,-0.13895889400691092,-19178.073756881844,-0.5473194565320161,29.534817351598175,35040,31536000
3,-11981.826216479047,-0.3419470952191509,190935959.67848834,5449.085607262795,-4870.056465109254,-0.13898562971202208,-19093.595967848833,-0.5449085607262795,29.489155251141554,35040,31536000
4,-12013.223116207917,-0.3428431254625547,191442553.46243623,5463.543192421125,-4882.190886172211,-0.1393319316829969,-19144.255346243623,-0.5463543192421125,29.65182648401826,35040,31536000
