episode_num,cumulative_reward,mean_reward,cumulative_power_consumption,mean_power_consumption,cumulative_comfort_penalty,mean_comfort_penalty,cumulative_power_penalty,mean_power_penalty,comfort_violation (%),length(timesteps),time_elapsed(seconds)
0,-7433.034338766546,-0.2121299754214197,68255509.13119204,1947.9311966664395,-3518.9987799879627,-0.1004280473740857,-6825.550913119205,-0.19479311966664398,17.34874429223744,35040,31536000
1,-7326.129022065648,-0.20907902460233013,67674566.0499476,1931.351770831838,-3400.9068163157353,-0.09705784293138514,-6767.456604994761,-0.1931351770831838,17.325913242009133,35040,31536000
2,-7476.154966225405,-0.21336058693565652,68608851.4130078,1958.0151658963412,-3558.947452979228,-0.1015681350736081,-6860.885141300781,-0.19580151658963416,17.591324200913242,35040,31536000
3,-7381.278791353606,-0.2106529335431965,68029578.01304792,1941.483390783331,-3456.2755959061687,-0.09863800216627194,-6802.957801304792,-0.19414833907833312,17.288812785388128,35040,31536000
4,-7421.446585663393,-0.2117992747050055,68019580.61184958,1941.198076822191,-3536.22336891714,-0.10091961669284075,-6801.958061184958,-0.19411980768221912,17.388698630136986,35040,31536000
