episode_num,cumulative_reward,mean_reward,cumulative_power_consumption,mean_power_consumption,cumulative_comfort_penalty,mean_comfort_penalty,cumulative_power_penalty,mean_power_penalty,comfort_violation (%),length(timesteps),time_elapsed(seconds)
0,-11442.590490435778,-0.3265579477864092,125907696.4176668,3593.256176303276,-4285.547017061824,-0.12230442400290592,-12590.769641766681,-0.35932561763032766,12.756849315068495,35040,31536000
1,-11544.594899823873,-0.3294690325292201,127038458.48426136,3625.5267832266372,-4252.793500431395,-0.12136967752372703,-12703.845848426135,-0.3625526783226637,12.751141552511417,35040,31536000
2,-11620.895118191134,-0.33164655017668765,128003482.03264207,3653.067409607365,-4241.805789080064,-0.1210561012865315,-12800.348203264206,-0.36530674096073645,12.696917808219176,35040,31536000
3,-11548.21627788687,-0.3295723823597851,127127065.94419496,3628.0555349370707,-4249.147385234047,-0.12126562172471594,-12712.706594419496,-0.3628055534937071,12.828196347031964,35040,31536000
4,-11593.52525984886,-0.3308654469134949,127273949.3171205,3632.247412018279,-4274.558436806135,-0.12199082296821162,-12727.394931712051,-0.36322474120182796,12.948059360730593,35040,31536000
