episode_num,cumulative_reward,mean_reward,cumulative_power_consumption,mean_power_consumption,cumulative_comfort_penalty,mean_comfort_penalty,cumulative_power_penalty,mean_power_penalty,comfort_violation (%),length(timesteps),time_elapsed(seconds)
0,-18206.544543922566,-0.5195931662078358,213637048.69935906,6096.947736853855,-2188.360906213473,-0.06245322220928861,-21363.7048699359,-0.6096947736853853,11.481164383561644,35040,31536000
1,-18287.77719496017,-0.5219114496278587,214512964.53007722,6121.945334762478,-2228.4157986982946,-0.06359634128705179,-21451.296453007722,-0.6121945334762477,11.695205479452055,35040,31536000
2,-18247.446392301357,-0.5207604564012944,213689622.87130955,6098.448141304496,-2199.1712994549066,-0.06276173799814232,-21368.96228713096,-0.6098448141304498,11.738013698630137,35040,31536000
3,-18240.954204251433,-0.5205751770619701,213867869.4973356,6103.535088394281,-2239.492860312017,-0.06391246747465802,-21386.78694973356,-0.6103535088394281,11.669520547945206,35040,31536000
4,-18251.95679928615,-0.5208891780618193,213726393.48344344,6099.497530920189,-2247.402133163162,-0.0641381887318254,-21372.639348344343,-0.6099497530920189,11.880707762557078,35040,31536000
