episode_num,cumulative_reward,mean_reward,cumulative_power_consumption,mean_power_consumption,cumulative_comfort_penalty,mean_comfort_penalty,cumulative_power_penalty,mean_power_penalty,comfort_violation (%),length(timesteps),time_elapsed(seconds)
0,-17766.50804577445,-0.5070350469684489,196815469.8701734,5616.879847893077,-2235.49899680004,-0.06379848735159932,-19681.546987017344,-0.5616879847893077,12.765410958904111,35040,31536000
1,-17956.148111290386,-0.5124471492948169,198632398.0531234,5668.732821150782,-2235.49771719264,-0.06379845083312329,-19863.239805312343,-0.5668732821150783,12.765410958904111,35040,31536000
2,-18073.856596040256,-0.5158064097043452,200288174.57646307,5715.986717364814,-2235.4807190464708,-0.06379796572621206,-20028.817457646306,-0.5715986717364814,12.765410958904111,35040,31536000
3,-17969.13538319911,-0.512817790616413,199170083.6191345,5684.077728856578,-2235.6161167207783,-0.06380182981509071,-19917.00836191345,-0.5684077728856578,12.765410958904111,35040,31536000
4,-18048.96264187719,-0.5150959658069975,199756462.19967157,5700.812277387887,-2235.598463752026,-0.06380132602032038,-19975.64621996716,-0.5700812277387888,12.765410958904111,35040,31536000
