episode_num,cumulative_reward,mean_reward,cumulative_power_consumption,mean_power_consumption,cumulative_comfort_penalty,mean_comfort_penalty,cumulative_power_penalty,mean_power_penalty,comfort_violation (%),length(timesteps),time_elapsed(seconds)
0,-16166.963496910168,-0.46138594454652304,180960289.87571436,5164.391834352578,-1529.7852843579803,-0.04365825583213414,-18096.028987571437,-0.5164391834352579,9.997146118721462,35040,31536000
1,-16198.412366716266,-0.4622834579542313,180963459.21980107,5164.482283670121,-1594.472326370792,-0.04550434721377831,-18096.345921980108,-0.5164482283670122,10.179794520547945,35040,31536000
2,-16428.71596006016,-0.46885604908847484,183864523.68089625,5247.2752192036605,-1563.5633304966946,-0.04462224116714311,-18386.452368089624,-0.524727521920366,10.139840182648403,35040,31536000
3,-16265.276739096156,-0.4641916877595935,182144871.79382515,5198.198395942499,-1490.3831237450975,-0.042533764947063284,-18214.487179382515,-0.5198198395942498,10.019977168949772,35040,31536000
4,-16398.00738843486,-0.46797966291195375,183429759.4421819,5234.867563989209,-1567.6472806270622,-0.044738792255338534,-18342.97594421819,-0.523486756398921,10.342465753424658,35040,31536000
