episode_num,cumulative_reward,mean_reward,cumulative_power_consumption,mean_power_consumption,cumulative_comfort_penalty,mean_comfort_penalty,cumulative_power_penalty,mean_power_penalty,comfort_violation (%),length(timesteps),time_elapsed(seconds)
0,-6550.944241928762,-0.18695617128792127,73459371.94239567,2096.4432631962236,-1228.6050218128444,-0.03506292870470446,-7345.937194239566,-0.20964432631962232,6.195776255707763,35040,31536000
1,-6481.502967212589,-0.18497439974921773,72771867.07349834,2076.8226904537196,-1197.578700647757,-0.034177474333554704,-7277.186707349834,-0.207682269045372,6.038812785388128,35040,31536000
2,-6592.029509038985,-0.1881286960342176,73904756.28308532,2109.1540035127086,-1256.193121905845,-0.03585026032836315,-7390.475628308533,-0.2109154003512709,6.241438356164383,35040,31536000
3,-6538.902303966089,-0.1866125086748313,73142887.88355006,2087.411183891269,-1255.716290841507,-0.035836652135887756,-7314.288788355008,-0.20874111838912696,6.164383561643835,35040,31536000
4,-6531.742793304982,-0.186408184740439,73280477.95674768,2091.3378412313837,-1223.8691504841386,-0.03492777255947884,-7328.047795674767,-0.20913378412313832,6.127283105022831,35040,31536000
