episode_num,cumulative_reward,mean_reward,cumulative_power_consumption,mean_power_consumption,cumulative_comfort_penalty,mean_comfort_penalty,cumulative_power_penalty,mean_power_penalty,comfort_violation (%),length(timesteps),time_elapsed(seconds)
0,-17440.043715506,-0.4977181425658105,185354792.86017597,5289.805732310958,-3341.635823692274,-0.09536631916930005,-18535.4792860176,-0.5289805732310958,16.144406392694062,35040,31536000
1,-17609.310954315428,-0.5025488286048924,187007381.49616173,5336.9686500046155,-3327.8462336858825,-0.09497278064172039,-18700.738149616172,-0.5336968650004615,16.090182648401825,35040,31536000
2,-17669.850965471243,-0.5042765686492935,188604788.64898813,5382.556753681168,-3217.7224677601594,-0.09182997910274428,-18860.47886489881,-0.5382556753681167,15.630707762557078,35040,31536000
3,-17591.436192148678,-0.5020387041138321,187539907.6536727,5352.166314317143,-3256.523448726423,-0.09293731303442988,-18753.99076536727,-0.5352166314317144,15.861872146118722,35040,31536000
4,-17677.23889421998,-0.5044874113647254,188069485.9470719,5367.279850087669,-3283.524839101166,-0.09370790065927985,-18806.94859470719,-0.5367279850087668,16.01312785388128,35040,31536000
