episode_num,cumulative_reward,mean_reward,cumulative_power_consumption,mean_power_consumption,cumulative_comfort_penalty,mean_comfort_penalty,cumulative_power_penalty,mean_power_penalty,comfort_violation (%),length(timesteps),time_elapsed(seconds)
0,-16281.708931983107,-0.46466064303604754,181443841.99960586,5178.191837888296,-1640.665247433545,-0.046822638339998425,-18144.384199960587,-0.5178191837888295,10.525114155251142,35040,31536000
1,-16479.442820043216,-0.4703037334487219,183257747.78305197,5229.9585554523965,-1672.9706175267697,-0.04774459524905165,-18325.774778305193,-0.5229958555452395,10.545091324200913,35040,31536000
2,-16550.840715600556,-0.4723413446233035,184528869.89738068,5266.23487150059,-1617.0187866975473,-0.04614779642401676,-18452.886989738072,-0.5266234871500591,10.416666666666668,35040,31536000
3,-16430.669082272132,-0.46891178887762935,183319224.80081826,5231.713036553033,-1618.4929443659435,-0.046189867133731265,-18331.922480081827,-0.5231713036553033,10.465182648401825,35040,31536000
4,-16543.671644626178,-0.4721367478489206,184003297.34561932,5251.235654840734,-1649.9645244776282,-0.047088028666598974,-18400.32973456193,-0.5251235654840734,10.556506849315069,35040,31536000
