episode_num,cumulative_reward,mean_reward,cumulative_power_consumption,mean_power_consumption,cumulative_comfort_penalty,mean_comfort_penalty,cumulative_power_penalty,mean_power_penalty,comfort_violation (%),mean_comfort_violation,std_comfort_violation,cumulative_comfort_violation,length(timesteps),time_elapsed(seconds)
0,-33260.318007632835,-0.47460499440115345,419490078.3550614,5985.874405751447,-24571.628179759522,-0.35062254822716216,-41949.00783550614,-0.5985874405751447,65.39383561643835,0.35062254822716216,0.6009155003995733,24571.628179759522,35040,31536000
1,-33427.00628155878,-0.4769835371226995,421397363.4883171,6013.090232424615,-24714.276214285856,-0.35265805100293746,-42139.736348831706,-0.6013090232424616,65.49657534246576,0.35265805100293746,0.6027170355123793,24714.276214285856,35040,31536000
2,-33330.67925840759,-0.47560900768275666,419468781.5573216,5985.570513089635,-24714.48036108302,-0.35266096405654995,-41946.878155732156,-0.5985570513089634,65.62785388127854,0.35266096405654995,0.6040288072787039,24714.48036108302,35040,31536000
3,-33313.936190853005,-0.47537009404756,420239433.41581917,5996.567257645822,-24603.929040124098,-0.35108346233053794,-42023.943341581915,-0.5996567257645821,65.19406392694064,0.35108346233053794,0.6014236035903612,24603.929040124098,35040,31536000
4,-33361.27824048097,-0.47604563699316454,419795572.7146006,5990.233628918388,-24742.99920950188,-0.35306791109449026,-41979.55727146006,-0.5990233628918387,65.82191780821918,0.35306791109449026,0.6023295772895537,24742.99920950188,35040,31536000
