episode_num,cumulative_reward,mean_reward,cumulative_power_consumption,mean_power_consumption,cumulative_comfort_penalty,mean_comfort_penalty,cumulative_power_penalty,mean_power_penalty,comfort_violation (%),length(timesteps),time_elapsed(seconds)
0,-10616.631758842943,-0.3029860661770246,180960289.87571436,5164.391834352578,-3137.234530114446,-0.08953294891879127,-18096.028987571437,-0.5164391834352579,28.984018264840184,35040,31536000
1,-10593.744146566956,-0.3023328808951757,180963459.21980107,5164.482283670121,-3091.1423711538027,-0.08821753342333911,-18096.345921980108,-0.5164482283670122,28.538812785388128,35040,31536000
2,-10754.115453299753,-0.30690968759417103,183864523.68089625,5247.2752192036605,-3121.778538509883,-0.08909185326797613,-18386.452368089624,-0.524727521920366,28.401826484018265,35040,31536000
3,-10640.96835253898,-0.30368060366834987,182144871.79382515,5198.198395942499,-3067.4495256954406,-0.08754136774244979,-18214.487179382515,-0.5198198395942498,28.77283105022831,35040,31536000
4,-10749.814825315789,-0.3067869527772771,183429759.4421819,5234.867563989209,-3156.6537064133836,-0.0900871491556331,-18342.97594421819,-0.523486756398921,29.34646118721461,35040,31536000
