episode_num,cumulative_reward,mean_reward,cumulative_power_consumption,mean_power_consumption,cumulative_comfort_penalty,mean_comfort_penalty,cumulative_power_penalty,mean_power_penalty,comfort_violation (%),length(timesteps),time_elapsed(seconds)
0,-7808.550904640601,-0.22284677239271122,72890069.51035185,2080.1960476698587,-3772.235159713731,-0.10765511300552885,-7289.006951035186,-0.2080196047669859,14.534817351598173,35040,31536000
1,-7732.801737852756,-0.22068498110310375,72215098.7787632,2060.933184325434,-3721.816637934369,-0.10621622825155162,-7221.50987787632,-0.2060933184325434,14.417808219178083,35040,31536000
2,-7832.051191565722,-0.22351744268167015,73490634.51402058,2097.3354598750166,-3738.5864534433244,-0.10669481887680721,-7349.0634514020585,-0.20973354598750166,14.477739726027398,35040,31536000
3,-7778.235357844725,-0.22198160267821704,72626391.93978845,2072.6710028478437,-3750.5012045420804,-0.1070348517277991,-7262.639193978846,-0.20726710028478443,14.509132420091325,35040,31536000
4,-7799.910769294898,-0.2226001931876398,72789439.43304479,2077.324184733013,-3774.2727308892336,-0.10771326286784343,-7278.94394330448,-0.20773241847330137,14.674657534246574,35040,31536000
