episode_num,cumulative_reward,mean_reward,cumulative_power_consumption,mean_power_consumption,cumulative_comfort_penalty,mean_comfort_penalty,cumulative_power_penalty,mean_power_penalty,comfort_violation (%),length(timesteps),time_elapsed(seconds)
0,-14645.96031096484,-0.4179783193768504,185354792.86017597,5289.805732310958,-10756.44133591208,-0.30697606552260503,-18535.4792860176,-0.5289805732310958,38.13356164383562,35040,31536000
1,-14723.002418753626,-0.4201770096676263,187007381.49616173,5336.9686500046155,-10745.266687891082,-0.3066571543347912,-18700.738149616172,-0.5336968650004615,38.0736301369863,35040,31536000
2,-14746.165135179766,-0.42083804609531295,188604788.64898813,5382.556753681168,-10631.851405460722,-0.3034204168225092,-18860.47886489881,-0.5382556753681167,37.61986301369863,35040,31536000
3,-14704.087033715108,-0.41963718703524855,187539907.6536727,5352.166314317143,-10654.183302062947,-0.30405774263878277,-18753.99076536727,-0.5352166314317144,37.75970319634703,35040,31536000
4,-14758.11566851756,-0.4211791001289258,188069485.9470719,5367.279850087669,-10709.282742327923,-0.30563021524908457,-18806.94859470719,-0.5367279850087668,38.05079908675799,35040,31536000
