episode_num,cumulative_reward,mean_reward,cumulative_power_consumption,mean_power_consumption,cumulative_comfort_penalty,mean_comfort_penalty,cumulative_power_penalty,mean_power_penalty,comfort_violation (%),length(timesteps),time_elapsed(seconds)
0,-16133.328387317195,-0.4604260384508332,205947697.999182,5877.502796780308,-11671.88697471619,-0.33310179722363553,-20594.7697999182,-0.5877502796780307,33.926940639269404,35040,31536000
1,-16149.055038105289,-0.4608748583934158,206553859.35939416,5894.801922357139,-11642.72414027116,-0.3322695245511176,-20655.385935939416,-0.5894801922357139,33.81278538812785,35040,31536000
2,-16225.693053251785,-0.4630620163599254,207793854.47776476,5930.189910895113,-11672.000658727096,-0.3331050416303395,-20779.385447776476,-0.5930189910895113,33.96974885844749,35040,31536000
3,-16118.870758542247,-0.4600134348899043,205361542.18519568,5860.774605741886,-11701.587298564928,-0.33394940920562005,-20536.15421851956,-0.5860774605741884,33.869863013698634,35040,31536000
4,-16078.107079881078,-0.4588500878961495,205657691.6982475,5869.226361251355,-11590.444989937407,-0.33077753966716344,-20565.76916982475,-0.5869226361251356,33.82990867579909,35040,31536000
