episode_num,cumulative_reward,mean_reward,cumulative_power_consumption,mean_power_consumption,cumulative_comfort_penalty,mean_comfort_penalty,cumulative_power_penalty,mean_power_penalty,comfort_violation (%),length(timesteps),time_elapsed(seconds)
0,-17484.102733370823,-0.49897553462816274,195091320.5978673,5567.67467459667,-1849.1581442022662,-0.05277277808796422,-19509.132059786734,-0.5567674674596671,12.200342465753424,35040,31536000
1,-17683.141081313282,-0.5046558527772056,196882966.20136493,5618.806113052652,-1870.85653759111,-0.053392024474632135,-19688.296620136494,-0.5618806113052652,12.337328767123287,35040,31536000
2,-17779.142791624265,-0.5073956276148477,198438700.41840133,5663.204920616477,-1838.4526989367102,-0.052467257389746294,-19843.87004184013,-0.5663204920616476,12.11472602739726,35040,31536000
3,-17681.05193796419,-0.5045962311062839,197330716.82617137,5631.584384308544,-1850.6179378925863,-0.052814438866797556,-19733.071682617137,-0.5631584384308543,12.151826484018265,35040,31536000
4,-17769.322262374935,-0.5071153613691477,197953725.03020325,5649.364298807171,-1863.9973744132983,-0.05319627210083614,-19795.37250302033,-0.5649364298807172,12.263127853881278,35040,31536000
