episode_num,cumulative_reward,mean_reward,cumulative_power_consumption,mean_power_consumption,cumulative_comfort_penalty,mean_comfort_penalty,cumulative_power_penalty,mean_power_penalty,comfort_violation (%),length(timesteps),time_elapsed(seconds)
0,-10310.97813740693,-0.29426307469768637,111289344.58652885,3176.0657701634946,-888.0926005481916,-0.02534510846313332,-11128.934458652886,-0.3176065770163495,6.289954337899544,35040,31536000
1,-10175.471968330143,-0.2903958895071388,110180688.33165853,3144.426036862401,-802.9186247550255,-0.022914344313784973,-11018.068833165853,-0.3144426036862401,6.15296803652968,35040,31536000
2,-10356.18336448215,-0.29555317821010707,111845101.66782394,3191.9264174607288,-892.4770851275696,-0.02547023644770461,-11184.510166782395,-0.3191926417460729,6.506849315068493,35040,31536000
3,-10223.871322775312,-0.2917771496225831,110752110.66923863,3160.733751975988,-813.8709742505504,-0.0232269113655979,-11075.211066923865,-0.31607337519759887,6.210045662100456,35040,31536000
4,-10283.449318487359,-0.2934774348883379,110873498.64723128,3164.1980207543174,-903.3111908684895,-0.025779428963141823,-11087.349864723128,-0.31641980207543174,6.421232876712329,35040,31536000
