episode_num,cumulative_reward,mean_reward,cumulative_power_consumption,mean_power_consumption,cumulative_comfort_penalty,mean_comfort_penalty,cumulative_power_penalty,mean_power_penalty,comfort_violation (%),length(timesteps),time_elapsed(seconds)
0,-15772.39651099631,-0.4501254712042326,205145275.8797545,5854.602622139113,-11030.265434017167,-0.31479068019455386,-20514.52758797545,-0.5854602622139113,32.2203196347032,35040,31536000
1,-15861.08128430534,-0.4526564293466136,206117218.67598438,5882.340715638824,-11110.440701012243,-0.31707878712934484,-20611.72186759844,-0.5882340715638824,32.157534246575345,35040,31536000
2,-15817.069350736268,-0.4514003810141629,205079635.73345426,5852.729330292645,-11126.175128127112,-0.3175278289990614,-20507.963573345423,-0.5852729330292644,32.226027397260275,35040,31536000
3,-15811.774886854793,-0.4512492833006505,205537794.55730203,5865.80463919241,-11069.770317979384,-0.31591810268206005,-20553.7794557302,-0.5865804639192409,32.20034246575342,35040,31536000
4,-15824.254695982841,-0.45160544223695326,205424252.1409685,5862.564273429466,-11106.08417786883,-0.31695445713095977,-20542.425214096853,-0.5862564273429467,32.368721461187214,35040,31536000
