episode_num,cumulative_reward,mean_reward,cumulative_power_consumption,mean_power_consumption,cumulative_comfort_penalty,mean_comfort_penalty,cumulative_power_penalty,mean_power_penalty,comfort_violation (%),length(timesteps),time_elapsed(seconds)
0,-11844.146430042196,-0.33801787756969737,132877361.12409134,3792.1621325368533,-2576.4864136401225,-0.07352986340297153,-13287.736112409135,-0.3792162132536854,11.960616438356164,35040,31536000
1,-11963.061489382075,-0.3414115721855615,133685533.23654093,3815.226405152424,-2636.029678383981,-0.07522915748812731,-13368.553323654092,-0.3815226405152424,12.223173515981735,35040,31536000
2,-12013.991912979289,-0.3428650660096829,134961215.38741717,3851.632859229942,-2553.515606269022,-0.07287430383187848,-13496.12153874172,-0.38516328592299426,12.01769406392694,35040,31536000
3,-11956.621839738336,-0.34122779222997535,134219961.57792413,3830.4783555343647,-2579.726763458343,-0.0736223391397929,-13421.996157792413,-0.38304783555343647,12.057648401826485,35040,31536000
4,-11995.381751501367,-0.34233395409535866,134354699.58255845,3834.3236182237,-2585.79662058114,-0.07379556565585445,-13435.469958255846,-0.38343236182237006,12.14041095890411,35040,31536000
