episode_num,cumulative_reward,mean_reward,cumulative_power_consumption,mean_power_consumption,cumulative_comfort_penalty,mean_comfort_penalty,cumulative_power_penalty,mean_power_penalty,comfort_violation (%),length(timesteps),time_elapsed(seconds)
0,-11855.258888494212,-0.33833501394104487,128305247.68187544,3661.679442975897,-5350.688291043469,-0.1527022914110579,-12830.524768187544,-0.36616794429758975,14.985730593607304,35040,31536000
1,-11957.911508307274,-0.34126459783981944,129320709.02681439,3690.659504189908,-5347.022114691763,-0.15259766309051834,-12932.070902681438,-0.3690659504189908,14.985730593607304,35040,31536000
2,-12041.142274880911,-0.3436399051050488,130579038.62517649,3726.570737019877,-5284.601829851347,-0.15081626226744713,-13057.90386251765,-0.37265707370198775,14.985730593607304,35040,31536000
3,-11961.820431955703,-0.34137615388001435,129646353.01328419,3699.9529969544574,-5290.683201088402,-0.15098981738265987,-12964.635301328417,-0.3699952996954457,15.005707762557078,35040,31536000
4,-12005.513262174165,-0.3426230953816828,129715095.65241614,3701.914830263018,-5317.8363198151455,-0.15176473515454184,-12971.509565241613,-0.3701914830263017,15.16837899543379,35040,31536000
