episode_num,cumulative_reward,mean_reward,cumulative_power_consumption,mean_power_consumption,cumulative_comfort_penalty,mean_comfort_penalty,cumulative_power_penalty,mean_power_penalty,comfort_violation (%),length(timesteps),time_elapsed(seconds)
0,-11378.019374560681,-0.32471516479910617,118219851.45654178,3373.85420823464,-1984.998785594824,-0.056649508721313475,-11821.985145654178,-0.337385420823464,11.621004566210045,35040,31536000
1,-11293.605754898626,-0.32230610031103385,117256419.57657026,3346.359006180658,-1976.6882336943308,-0.056412335436482046,-11725.641957657026,-0.3346359006180658,11.621004566210045,35040,31536000
2,-11419.792302664724,-0.32590731457376493,118846624.28117464,3391.741560535806,-1974.96690163836,-0.056363210663195204,-11884.662428117465,-0.3391741560535806,11.529680365296803,35040,31536000
3,-11320.811796398604,-0.32308252843603325,117580761.05104886,3355.6153267993395,-1980.0408306948373,-0.05650801457462435,-11758.076105104888,-0.33556153267993405,11.615296803652967,35040,31536000
4,-11371.618807496268,-0.3245325002139346,117868274.14050739,3363.820609032745,-2036.243475850661,-0.058111971342770005,-11786.827414050738,-0.3363820609032745,11.740867579908675,35040,31536000
