episode_num,cumulative_reward,mean_reward,cumulative_power_consumption,mean_power_consumption,cumulative_comfort_penalty,mean_comfort_penalty,cumulative_power_penalty,mean_power_penalty,comfort_violation (%),length(timesteps),time_elapsed(seconds)
0,-10494.499232779912,-0.29950054888070526,114534508.17729287,3268.6788863382667,-712.4272597461356,-0.020331828189102043,-11453.450817729286,-0.32686788863382665,7.311643835616438,35040,31536000
1,-10386.730685824159,-0.29642496249498174,113482022.45102653,3238.6421932370586,-691.3760719488107,-0.01973105228164414,-11348.202245102653,-0.32386421932370585,7.494292237442922,35040,31536000
2,-10554.7544617583,-0.3012201615798602,115188227.49830538,3287.335259654834,-710.5146838474753,-0.020277245543592334,-11518.822749830539,-0.3287335259654834,7.345890410958904,35040,31536000
3,-10424.29259698245,-0.2974969348453896,113765294.89553913,3246.726452498263,-704.3726732567686,-0.020101959853218283,-11376.529489553915,-0.32467264524982636,7.248858447488585,35040,31536000
4,-10485.214390252971,-0.2992355704980871,114588924.10586789,3270.2318523364124,-679.0058349350281,-0.019378020403396923,-11458.89241058679,-0.32702318523364127,7.4200913242009126,35040,31536000
