episode_num,cumulative_reward,mean_reward,cumulative_power_consumption,mean_power_consumption,cumulative_comfort_penalty,mean_comfort_penalty,cumulative_power_penalty,mean_power_penalty,comfort_violation (%),mean_comfort_violation,std_comfort_violation,cumulative_comfort_violation,length(timesteps),time_elapsed(seconds)
0,-28003.544339076605,-0.3995939546101114,373131567.5461304,5324.36597525871,-18693.931923540167,-0.2667513116943517,-37313.15675461304,-0.532436597525871,63.65296803652968,0.2667513116943517,0.4340491170018322,18693.931923540167,35040,31536000
1,-28207.17817128379,-0.4024996885171774,376378706.49741477,5370.700720568133,-18776.485692826107,-0.26792930497754147,-37637.87064974148,-0.5370700720568133,63.79566210045662,0.26792930497754147,0.43491861322946657,18776.485692826107,35040,31536000
2,-28290.938626853327,-0.4036949004973363,379643053.13525116,5417.281009350045,-18617.571940181537,-0.26566170005966805,-37964.305313525125,-0.5417281009350047,63.630136986301366,0.26566170005966805,0.43372458148658233,18617.571940181537,35040,31536000
3,-28192.59453398484,-0.402291588669875,377666153.34348303,5389.071822823674,-18618.573733621382,-0.26567599505738276,-37766.6153343483,-0.5389071822823673,63.36187214611873,0.26567599505738276,0.4336786187698245,18618.573733621382,35040,31536000
4,-28276.7330365526,-0.4034921951562871,378680189.9550553,5403.541523331269,-18685.447077599678,-0.26663023797944746,-37868.01899550553,-0.5403541523331269,64.00114155251143,0.26663023797944746,0.4338020724660886,18685.447077599678,35040,31536000
