episode_num,cumulative_reward,mean_reward,cumulative_power_consumption,mean_power_consumption,cumulative_comfort_penalty,mean_comfort_penalty,cumulative_power_penalty,mean_power_penalty,comfort_violation (%),length(timesteps),time_elapsed(seconds)
0,-12495.554228212184,-0.35660828276861256,195091320.5978673,5567.67467459667,-5481.976396637635,-0.15644909807755808,-19509.132059786734,-0.5567674674596671,32.95376712328767,35040,31536000
1,-12598.390298671866,-0.3595431021310464,196882966.20136493,5618.806113052652,-5508.483977207244,-0.15720559295682773,-19688.296620136494,-0.5618806113052652,33.10787671232877,35040,31536000
2,-12655.340937221268,-0.3611684057426161,198438700.41840133,5663.204920616477,-5466.811832602402,-0.15601631942358454,-19843.87004184013,-0.5663204920616476,32.89098173515982,35040,31536000
3,-12600.674210129133,-0.35960828225254377,197330716.82617137,5631.584384308544,-5468.2767376411275,-0.15605812607423308,-19733.071682617137,-0.5631584384308543,32.86529680365297,35040,31536000
4,-12645.163447123827,-0.3608779522581001,197953725.03020325,5649.364298807171,-5494.954391227322,-0.15681947463548293,-19795.37250302033,-0.5649364298807172,33.016552511415526,35040,31536000
