episode_num,cumulative_reward,mean_reward,cumulative_power_consumption,mean_power_consumption,cumulative_comfort_penalty,mean_comfort_penalty,cumulative_power_penalty,mean_power_penalty,comfort_violation (%),length(timesteps),time_elapsed(seconds)
0,-9041.615449782603,-0.2580369705988186,120793151.24892049,3447.293129250014,-6003.915774673155,-0.17134462827263572,-12079.31512489205,-0.3447293129250014,33.921232876712324,35040,31536000
1,-8984.552869840856,-0.25640847231280983,119871486.9083639,3420.9899231839013,-5981.957048845321,-0.17071795230722947,-11987.148690836391,-0.34209899231839014,33.949771689497716,35040,31536000
2,-9065.849673342618,-0.2587285865679971,121565424.14532587,3469.3328808597566,-5975.156932152644,-0.1705238850500184,-12156.542414532589,-0.34693328808597573,33.90981735159818,35040,31536000
3,-9013.25725859092,-0.2572276614894669,120228259.2983029,3431.171783627366,-6003.688587351552,-0.17133814461619726,-12022.825929830291,-0.34311717836273664,34.01826484018265,35040,31536000
4,-9023.945195390015,-0.2575326825168383,120482683.6107166,3438.4327514473916,-5999.62202970837,-0.1712220898889375,-12048.268361071661,-0.34384327514473917,33.99543378995434,35040,31536000
