episode_num,cumulative_reward,mean_reward,cumulative_power_consumption,mean_power_consumption,cumulative_comfort_penalty,mean_comfort_penalty,cumulative_power_penalty,mean_power_penalty,comfort_violation (%),length(timesteps),time_elapsed(seconds)
0,-11849.059145792917,-0.33815808064477504,126981591.84854975,3623.9038769563285,-5166.775258627392,-0.14745363181014245,-12698.159184854974,-0.3623903876956328,14.135273972602741,35040,31536000
1,-11975.174247402767,-0.3417572559190287,128186218.56640579,3658.2824933334987,-5188.821176727355,-0.1480827961394793,-12818.62185664058,-0.3658282493333499,14.212328767123289,35040,31536000
2,-12045.927165526893,-0.3437764602033931,129168334.83132747,3686.310925551583,-5153.700965723336,-0.14708050701265227,-12916.833483132748,-0.36863109255515836,14.146689497716894,35040,31536000
3,-11967.507407298737,-0.34153845340464434,128391427.0610491,3664.1389001440953,-5123.566424960778,-0.146220502995456,-12839.142706104913,-0.3664138900144096,14.046803652968038,35040,31536000
4,-12006.342996363466,-0.3426467750103729,128507903.09301509,3667.462987814358,-5147.288744817374,-0.14689750984067848,-12850.790309301508,-0.3667462987814357,14.15525114155251,35040,31536000
