episode_num,cumulative_reward,mean_reward,cumulative_power_consumption,mean_power_consumption,cumulative_comfort_penalty,mean_comfort_penalty,cumulative_power_penalty,mean_power_penalty,comfort_violation (%),length(timesteps),time_elapsed(seconds)
0,-6531.127317731587,-0.1863906197982759,69852836.66211882,1993.5170280285051,-2548.4463740996443,-0.07272963396403094,-6985.2836662118825,-0.19935170280285053,8.36472602739726,35040,31536000
1,-6457.267792832045,-0.18428275664475016,69200736.44671594,1974.9068620638109,-2463.675072055679,-0.07031036164542462,-6920.073644671595,-0.19749068620638113,8.350456621004566,35040,31536000
2,-6564.681474561892,-0.1873482155982275,70145001.91370292,2001.8550774458595,-2592.8984572772324,-0.07399824364375664,-7014.5001913702945,-0.20018550774458602,8.570205479452055,35040,31536000
3,-6492.374123834255,-0.18528464965280408,69542136.76500072,1984.6500218322121,-2508.8991965181494,-0.07160100446684216,-6954.213676500072,-0.19846500218322125,8.24771689497717,35040,31536000
4,-6515.907002039703,-0.1859562500582107,69601762.81834209,1986.3516786056532,-2561.9811113689348,-0.07311589929705864,-6960.1762818342095,-0.19863516786056534,8.476027397260275,35040,31536000
