episode_num,cumulative_reward,mean_reward,cumulative_power_consumption,mean_power_consumption,cumulative_comfort_penalty,mean_comfort_penalty,cumulative_power_penalty,mean_power_penalty,comfort_violation (%),mean_comfort_violation,std_comfort_violation,cumulative_comfort_violation,length(timesteps),time_elapsed(seconds)
0,-20543.38581777149,-0.2931419209156891,214154301.5714336,3055.854759866347,-19671.34147839962,-0.28069836584474345,-21415.43015714336,-0.3055854759866347,64.9771689497717,0.28069836584474345,0.5381832960527259,19671.34147839962,35040,31536000
1,-20323.21937140686,-0.29000027641847687,212398626.892057,3030.8023243729594,-19406.576053608027,-0.2769203203996579,-21239.862689205696,-0.30308023243729587,65.88470319634703,0.2769203203996579,0.527715239790511,19406.576053608027,35040,31536000
2,-20345.5870013011,-0.29031944921947916,215534021.3693013,3075.5425423701668,-19137.77186567208,-0.2730846442019418,-21553.402136930126,-0.30755425423701666,65.71347031963471,0.2730846442019418,0.515725109252598,19137.77186567208,35040,31536000
3,-20181.53075123486,-0.28797846391602255,213179542.67371193,3041.945529019862,-19045.10723509853,-0.27176237493005895,-21317.954267371195,-0.3041945529019862,64.58333333333334,0.27176237493005895,0.523758567353846,19045.10723509853,35040,31536000
4,-20400.810308022432,-0.2911074530254342,214175668.92742267,3056.1596593524923,-19384.05372330259,-0.27659894011561914,-21417.566892742267,-0.30561596593524926,65.0,0.27659894011561914,0.529728892586868,19384.05372330259,35040,31536000
