episode_num,cumulative_reward,mean_reward,cumulative_power_consumption,mean_power_consumption,cumulative_comfort_penalty,mean_comfort_penalty,cumulative_power_penalty,mean_power_penalty,comfort_violation (%),length(timesteps),time_elapsed(seconds)
0,-20885.74771337132,-0.5960544438747523,203704133.04419506,5813.474116558078,-8970.395106458023,-0.25600442655416733,-20370.413304419508,-0.5813474116558078,17.85673515981735,35040,31536000
1,-20893.01185181747,-0.5962617537619141,204620394.58748543,5839.623133204493,-8860.658860542764,-0.25287268437622046,-20462.039458748543,-0.5839623133204492,17.922374429223744,35040,31536000
2,-21053.166504304063,-0.6008323774059379,203739979.20875543,5814.497123537541,-9240.447637068064,-0.2637114051674676,-20373.997920875543,-0.5814497123537541,18.164954337899545,35040,31536000
3,-20870.63288264948,-0.5956230845504988,203966663.99574578,5820.966438234754,-8924.944095600742,-0.2547073086644047,-20396.666399574577,-0.5820966438234754,18.01084474885845,35040,31536000
4,-20908.97421933447,-0.5967173007800932,203877841.5591589,5818.431551345859,-8980.565928990723,-0.2562946897543015,-20387.78415591589,-0.581843155134586,17.990867579908677,35040,31536000
