episode_num,cumulative_reward,mean_reward,cumulative_power_consumption,mean_power_consumption,cumulative_comfort_penalty,mean_comfort_penalty,cumulative_power_penalty,mean_power_penalty,comfort_violation (%),length(timesteps),time_elapsed(seconds)
0,-13036.619387422556,-0.3720496400520136,142786597.36321098,4074.959970411272,-2967.7228607439915,-0.08469528712168925,-14278.6597363211,-0.40749599704112727,15.057077625570775,35040,31536000
1,-13021.58895590157,-0.3716206893807526,142912261.47370484,4078.546274934499,-2927.6323401006466,-0.08355115125858009,-14291.226147370486,-0.4078546274934499,14.845890410958903,35040,31536000
2,-13248.58497230093,-0.3780988861958028,145336260.58595467,4147.724331790943,-2980.168828902571,-0.08505048027689986,-14533.626058595466,-0.41477243317909435,15.148401826484017,35040,31536000
3,-13000.852204488674,-0.3710288871144028,143591144.83873236,4097.920800192133,-2742.1275055683486,-0.07825706351507844,-14359.114483873238,-0.4097920800192134,14.671803652968038,35040,31536000
4,-13195.997523609998,-0.3765981028427511,145139607.61826497,4142.112089562356,-2907.6488748473025,-0.0829808468849116,-14513.9607618265,-0.41421120895623575,15.068493150684931,35040,31536000
