episode_num,cumulative_reward,mean_reward,cumulative_power_consumption,mean_power_consumption,cumulative_comfort_penalty,mean_comfort_penalty,cumulative_power_penalty,mean_power_penalty,comfort_violation (%),length(timesteps),time_elapsed(seconds)
0,-7952.6212655641475,-0.2269583694510316,111289344.58652885,3176.0657701634946,-4776.308072475408,-0.1363101618857137,-11128.934458652886,-0.3176065770163495,27.11187214611872,35040,31536000
1,-7861.035124857054,-0.22434460972765566,110180688.33165853,3144.426036862401,-4704.001416548254,-0.13424661576907118,-11018.068833165853,-0.3144426036862401,27.21746575342466,35040,31536000
2,-7982.681368221674,-0.22781624909308432,111845101.66782394,3191.9264174607288,-4780.852569660957,-0.1364398564400958,-11184.510166782395,-0.3191926417460729,27.465753424657535,35040,31536000
3,-7896.869708589159,-0.22536728620402852,110752110.66923863,3160.733751975988,-4718.528350254455,-0.1346611972104582,-11075.211066923865,-0.31607337519759887,27.23173515981735,35040,31536000
4,-7949.018823438413,-0.22685556002963508,110873498.64723128,3164.1980207543174,-4810.687782153698,-0.13729131798383842,-11087.349864723128,-0.31641980207543174,27.300228310502284,35040,31536000
