episode_num,cumulative_reward,mean_reward,cumulative_power_consumption,mean_power_consumption,cumulative_comfort_penalty,mean_comfort_penalty,cumulative_power_penalty,mean_power_penalty,comfort_violation (%),length(timesteps),time_elapsed(seconds)
0,-13887.325726538385,-0.39632778899938315,159371453.62381518,4548.272078305227,-4350.555286968081,-0.1241596828472626,-15937.145362381518,-0.4548272078305228,12.59703196347032,35040,31536000
1,-13970.744663972584,-0.39870846643757374,159918748.00693902,4563.891210243693,-4429.925150908997,-0.12642480453507413,-15991.874800693902,-0.45638912102436935,12.976598173515983,35040,31536000
2,-13915.673556246478,-0.3971368024042945,159227824.18137696,4544.1730645370135,-4407.469467633624,-0.12578394599411027,-15922.782418137695,-0.4544173064537013,12.905251141552512,35040,31536000
3,-13932.096374908868,-0.3976054901515088,159507171.17233112,4552.145296014016,-4441.9013346633255,-0.1267665906011223,-15950.717117233111,-0.4552145296014016,12.91095890410959,35040,31536000
4,-13929.882019300843,-0.3975422950713711,159337740.68463352,4547.309951045478,-4455.516386957996,-0.12715514802962316,-15933.774068463354,-0.4547309951045478,13.00228310502283,35040,31536000
