episode_num,cumulative_reward,mean_reward,cumulative_power_consumption,mean_power_consumption,cumulative_comfort_penalty,mean_comfort_penalty,cumulative_power_penalty,mean_power_penalty,comfort_violation (%),length(timesteps),time_elapsed(seconds)
0,-12032.184622469851,-0.343384264339893,181443841.99960586,5178.191837888296,-5919.985044979116,-0.1689493448909565,-18144.384199960587,-0.5178191837888295,33.59589041095891,35040,31536000
1,-12140.965281709561,-0.3464887352086062,183257747.78305197,5229.9585554523965,-5956.155785113925,-0.16998161487197275,-18325.774778305193,-0.5229958555452395,33.59874429223744,35040,31536000
2,-12179.090653649777,-0.3475767880607813,184528869.89738068,5266.23487150059,-5905.294317561486,-0.1685300889715036,-18452.886989738072,-0.5266234871500591,33.48744292237443,35040,31536000
3,-12116.219433709697,-0.3457825180853224,183319224.80081826,5231.713036553033,-5900.516387337567,-0.1683937325153415,-18331.922480081827,-0.5231713036553033,33.58447488584475,35040,31536000
4,-12155.22884221781,-0.34689580029160416,184003297.34561932,5251.235654840734,-5910.127949873691,-0.16866803509913503,-18400.32973456193,-0.5251235654840734,33.707191780821915,35040,31536000
