episode_num,cumulative_reward,mean_reward,cumulative_power_consumption,mean_power_consumption,cumulative_comfort_penalty,mean_comfort_penalty,cumulative_power_penalty,mean_power_penalty,comfort_violation (%),length(timesteps),time_elapsed(seconds)
0,-11467.274890882449,-0.32726241126947625,123307129.99097154,3519.039097915854,-1422.6207401774652,-0.040599906968534966,-12330.712999097155,-0.3519039097915855,10.248287671232877,35040,31536000
1,-11367.218467286953,-0.32440691972850894,122352590.91486005,3491.7976859263713,-1377.249107896044,-0.039305054449088016,-12235.259091486007,-0.34917976859263716,9.845890410958905,35040,31536000
2,-11504.205593099847,-0.3283163696660915,124093602.03523573,3541.4840763480515,-1383.863709900003,-0.039493827337328855,-12409.360203523573,-0.35414840763480515,10.111301369863014,35040,31536000
3,-11408.418265405837,-0.32558271305381953,122655882.80491683,3500.4532763960283,-1417.81589070473,-0.040462782268970605,-12265.588280491684,-0.35004532763960283,10.159817351598173,35040,31536000
4,-11427.99720149084,-0.32614147264528653,122969628.98576471,3509.4072199133766,-1409.2503402463506,-0.04021833162803512,-12296.962898576472,-0.3509407219913377,10.259703196347033,35040,31536000
