episode_num,cumulative_reward,mean_reward,cumulative_power_consumption,mean_power_consumption,cumulative_comfort_penalty,mean_comfort_penalty,cumulative_power_penalty,mean_power_penalty,comfort_violation (%),length(timesteps),time_elapsed(seconds)
0,-6807.5898165442295,-0.19428053129407047,72374113.50310245,2065.471275773472,-2613.8808755975106,-0.07459705695198375,-7237.4113503102435,-0.20654712757734714,10.69634703196347,35040,31536000
1,-6741.183103893791,-0.19238536255404654,71789083.68053779,2048.77521919343,-2550.1070476623136,-0.0727770276159336,-7178.90836805378,-0.20487752191934303,10.553652968036529,35040,31536000
2,-6843.17754463248,-0.19529616280343837,72692706.13494743,2074.5635312484997,-2668.379259005333,-0.0761523761131659,-7269.270613494744,-0.20745635312485,10.856164383561644,35040,31536000
3,-6758.314232586568,-0.1928742646286121,72098352.25625207,2057.6013771761436,-2568.9524910951245,-0.07331485419792022,-7209.835225625207,-0.20576013771761437,10.542237442922374,35040,31536000
4,-6799.989529450195,-0.1940636281235786,72040968.9554748,2055.9637258982534,-2671.8129963440792,-0.07625037090023057,-7204.09689554748,-0.20559637258982535,10.804794520547944,35040,31536000
