episode_num,cumulative_reward,mean_reward,cumulative_power_consumption,mean_power_consumption,cumulative_comfort_penalty,mean_comfort_penalty,cumulative_power_penalty,mean_power_penalty,comfort_violation (%),length(timesteps),time_elapsed(seconds)
0,-8762.55745142789,-0.25007298662750826,118219851.45654178,3373.85420823464,-5703.129757201604,-0.16276055243155263,-11821.985145654178,-0.337385420823464,32.4857305936073,35040,31536000
1,-8704.745418359233,-0.2484230998390192,117256419.57657026,3346.359006180658,-5683.84887906144,-0.1622102990599726,-11725.641957657026,-0.3346359006180658,32.62557077625571,35040,31536000
2,-8771.15774654525,-0.2503184288397617,118846624.28117464,3391.741560535806,-5657.653064973035,-0.16146270162594278,-11884.662428117465,-0.3391741560535806,32.4857305936073,35040,31536000
3,-8724.138865487106,-0.2489765657958649,117580761.05104886,3355.6153267993395,-5690.201625869324,-0.16239159891179578,-11758.076105104888,-0.33556153267993405,32.62557077625571,35040,31536000
4,-8762.87191672694,-0.2500819610938053,117868274.14050739,3363.820609032745,-5738.916419403139,-0.16378186128433617,-11786.827414050738,-0.3363820609032745,32.73116438356165,35040,31536000
