episode_num,cumulative_reward,mean_reward,cumulative_power_consumption,mean_power_consumption,cumulative_comfort_penalty,mean_comfort_penalty,cumulative_power_penalty,mean_power_penalty,comfort_violation (%),length(timesteps),time_elapsed(seconds)
0,-22022.2149494868,-0.6284878695629794,210162034.1700151,5997.774947774404,-10198.739198963236,-0.29105990864621106,-21016.20341700151,-0.5997774947774404,18.039383561643834,35040,31536000
1,-21972.33155214133,-0.627064256625038,211124455.99338633,6025.241324012167,-9968.021773639899,-0.2844755072385816,-21112.445599338636,-0.6025241324012168,18.07648401826484,35040,31536000
2,-22216.696442883567,-0.6340381404932525,210164296.39587703,5997.839509014755,-10523.757392681302,-0.300335542028576,-21016.4296395877,-0.5997839509014754,18.301940639269407,35040,31536000
3,-21940.405115428235,-0.6261531140247784,210438114.35226303,6005.653948409333,-10014.63990920571,-0.28580593348189814,-21043.811435226307,-0.6005653948409334,18.213470319634702,35040,31536000
4,-22029.538888376486,-0.6286968860838038,210372020.01350304,6003.767694449288,-10169.759290747115,-0.2902328564710935,-21037.202001350306,-0.6003767694449288,18.184931506849313,35040,31536000
