episode_num,cumulative_reward,mean_reward,cumulative_power_consumption,mean_power_consumption,cumulative_comfort_penalty,mean_comfort_penalty,cumulative_power_penalty,mean_power_penalty,comfort_violation (%),length(timesteps),time_elapsed(seconds)
0,-14483.27291397299,-0.41333541421155795,155482811.6853165,4437.294854033005,-5508.827634769597,-0.15721540053566202,-15548.281168531648,-0.4437294854033005,18.687214611872147,35040,31536000
1,-14539.7893956499,-0.4149483275014241,156218483.6917777,4458.290059696852,-5521.410950742568,-0.15757451343443402,-15621.84836917777,-0.4458290059696852,18.78139269406393,35040,31536000
2,-14540.055815070582,-0.41495593079539334,155342938.55376598,4433.303040917979,-5590.6453530096915,-0.1595503810790437,-15534.293855376598,-0.4433303040917979,18.995433789954337,35040,31536000
3,-14505.641307750037,-0.4139737816138709,155812627.92933142,4446.707418074527,-5521.812768775996,-0.1575859808440638,-15581.262792933143,-0.4446707418074527,18.79566210045662,35040,31536000
4,-14519.089979426239,-0.4143575907370502,155575330.41396618,4439.935228709081,-5558.59785887856,-0.15863578364379452,-15557.533041396619,-0.44399352287090804,18.78424657534247,35040,31536000
