episode_num,cumulative_reward,mean_reward,cumulative_power_consumption,mean_power_consumption,cumulative_comfort_penalty,mean_comfort_penalty,cumulative_power_penalty,mean_power_penalty,comfort_violation (%),length(timesteps),time_elapsed(seconds)
0,-13777.825712190606,-0.3932027885899146,163453840.34291294,4664.7785485991135,-3394.231168537247,-0.09686732786921366,-16345.384034291294,-0.46647785485991133,9.948630136986301,35040,31536000
1,-13845.2512752222,-0.3951270341102226,164300994.821154,4688.955331653939,-3408.4390325623167,-0.09727280344070538,-16430.099482115398,-0.4688955331653938,10.051369863013699,35040,31536000
2,-13791.969665856834,-0.39360644023564023,163280192.42222825,4659.822843100122,-3415.2464030436886,-0.09746707771243404,-16328.019242222821,-0.46598228431001204,9.988584474885846,35040,31536000
3,-13805.94744991144,-0.3940053495979292,163976428.34694305,4679.692589810019,-3391.7350238592994,-0.09679609086356449,-16397.642834694303,-0.4679692589810018,9.982876712328768,35040,31536000
4,-13798.71013187659,-0.3937988051334643,163629613.13290507,4669.794895345464,-3423.6979437176633,-0.09770827464947669,-16362.961313290503,-0.4669794895345463,10.028538812785389,35040,31536000
