episode_num,cumulative_reward,mean_reward,cumulative_power_consumption,mean_power_consumption,cumulative_comfort_penalty,mean_comfort_penalty,cumulative_power_penalty,mean_power_penalty,comfort_violation (%),length(timesteps),time_elapsed(seconds)
0,-14154.85334280312,-0.40396270955488356,159621345.09876132,4555.40368432538,-4426.59479437949,-0.12632976011356992,-15962.134509876129,-0.4555403684325379,13.065068493150687,35040,31536000
1,-14221.036344221855,-0.4058514938419479,160099840.83538964,4569.059384571622,-4489.940223436114,-0.128137563454227,-16009.984083538968,-0.4569059384571623,13.279109589041097,35040,31536000
2,-14197.965524490122,-0.4051930800368186,159461312.45182842,4550.836542575012,-4479.950338636221,-0.12785246400217526,-15946.131245182842,-0.4550836542575012,13.31335616438356,35040,31536000
3,-14193.08884264619,-0.4050539053266607,159757210.5702928,4559.281123581415,-4488.988219205732,-0.12811039438372523,-15975.72105702928,-0.4559281123581415,13.247716894977168,35040,31536000
4,-14195.209873109423,-0.40511443701796296,159524630.14776984,4552.643554445486,-4506.313762068914,-0.1286048448079028,-15952.463014776984,-0.45526435544454863,13.424657534246576,35040,31536000
