episode_num,cumulative_reward,mean_reward,cumulative_power_consumption,mean_power_consumption,cumulative_comfort_penalty,mean_comfort_penalty,cumulative_power_penalty,mean_power_penalty,comfort_violation (%),length(timesteps),time_elapsed(seconds)
0,-7014.956187009946,-0.200198521318777,75617996.23226038,2158.0478376786637,-1590.1788912262443,-0.04538181767198186,-7561.799623226039,-0.2158047837678664,8.224885844748858,35040,31536000
1,-6955.549384049542,-0.19850312169091158,74926224.54894412,2138.305495118268,-1568.7038565869475,-0.044768945678851244,-7492.622454894413,-0.21383054951182684,8.107876712328768,35040,31536000
2,-7056.581929255873,-0.2013864705837863,76249924.6438704,2176.08232431137,-1580.547480649875,-0.04510694864868365,-7624.992464387039,-0.21760823243113697,8.153538812785389,35040,31536000
3,-6984.678159847011,-0.1993344223700631,75314674.21239565,2149.3913873400584,-1570.6031616000112,-0.04482314958904141,-7531.467421239567,-0.21493913873400589,8.02511415525114,35040,31536000
4,-7025.289241183136,-0.20049341441732696,75463728.17013618,2153.6452103349366,-1630.0996603421513,-0.04652110902802943,-7546.37281701362,-0.2153645210334937,8.336187214611872,35040,31536000
