episode_num,cumulative_reward,mean_reward,cumulative_power_consumption,mean_power_consumption,cumulative_comfort_penalty,mean_comfort_penalty,cumulative_power_penalty,mean_power_penalty,comfort_violation (%),length(timesteps),time_elapsed(seconds)
0,-14363.21391630105,-0.4099090729537971,159040192.9822089,4538.818292871259,-5063.598299752761,-0.14450908389705366,-15904.019298220888,-0.4538818292871258,12.868150684931507,35040,31536000
1,-14414.138895591936,-0.4113624114038794,159498210.60763022,4551.889572135566,-5082.348068011863,-0.1450441800231696,-15949.821060763024,-0.4551889572135566,13.119292237442922,35040,31536000
2,-14475.348863281964,-0.41310927121238483,160437690.67087066,4578.701217775989,-5072.804686763382,-0.1447718232523796,-16043.769067087065,-0.4578701217775989,13.122146118721462,35040,31536000
3,-14287.491890951576,-0.40774805624861804,158585948.78911865,4525.854702885807,-4993.412683495912,-0.14250606973447236,-15858.594878911865,-0.4525854702885806,12.88527397260274,35040,31536000
4,-14327.348123175016,-0.40888550579837374,158463436.1791305,4522.358338445505,-5063.223481568082,-0.14449838703105258,-15846.343617913053,-0.4522358338445506,12.939497716894977,35040,31536000
