episode_num,cumulative_reward,mean_reward,cumulative_power_consumption,mean_power_consumption,cumulative_comfort_penalty,mean_comfort_penalty,cumulative_power_penalty,mean_power_penalty,comfort_violation (%),length(timesteps),time_elapsed(seconds)
0,-14690.543544335962,-0.4192506719273962,172572586.42540023,4925.016735884709,-3204.212526290339,-0.09144442141239552,-17257.258642540022,-0.49250167358847097,12.625570776255707,35040,31536000
1,-14741.610093597199,-0.4207080506163584,173146910.3809429,4941.407259730106,-3232.207092083198,-0.09224335308456615,-17314.691038094294,-0.4941407259730107,12.682648401826485,35040,31536000
2,-14818.036331343083,-0.4228891647072798,174087722.72624525,4968.256927118871,-3208.592645748036,-0.09156942482157637,-17408.772272624527,-0.49682569271188715,12.791095890410958,35040,31536000
3,-14602.599175048921,-0.4167408440367843,172121111.0468132,4912.132164578002,-3107.8631207555704,-0.08869472376585533,-17212.111104681324,-0.49121321645780036,12.457191780821917,35040,31536000
4,-14649.909114879385,-0.41809101355249384,172246907.88861635,4915.722257095215,-3134.4876647876313,-0.08945455664348263,-17224.690788861633,-0.4915722257095215,12.59988584474886,35040,31536000
