episode_num,cumulative_reward,mean_reward,cumulative_power_consumption,mean_power_consumption,cumulative_comfort_penalty,mean_comfort_penalty,cumulative_power_penalty,mean_power_penalty,comfort_violation (%),length(timesteps),time_elapsed(seconds)
0,-7141.193235860976,-0.20380117682251642,74292524.23993069,2120.220440637291,-2987.851314821174,-0.08526972930425725,-7429.25242399307,-0.21202204406372915,13.19920091324201,35040,31536000
1,-7089.324419450161,-0.20232090238156852,73608051.05684939,2100.6863886087153,-2991.6495368758806,-0.08537812605239385,-7360.80510568494,-0.21006863886087157,13.350456621004566,35040,31536000
2,-7205.680381641628,-0.20564156340301448,74789712.48671511,2134.4096029313673,-3008.9800998481087,-0.08587271974452365,-7478.971248671511,-0.21344096029313672,13.31335616438356,35040,31536000
3,-7037.229062336506,-0.200834162737914,73362266.07252151,2093.6719769555225,-2954.6843900285467,-0.0843231846469334,-7336.226607252151,-0.20936719769555223,13.381849315068491,35040,31536000
4,-7142.488012958427,-0.2038381282236994,74400016.62980752,2123.2881458278403,-2951.919338849748,-0.08424427336899966,-7440.001662980752,-0.21232881458278402,13.404680365296803,35040,31536000
