episode_num,cumulative_reward,mean_reward,cumulative_power_consumption,mean_power_consumption,cumulative_comfort_penalty,mean_comfort_penalty,cumulative_power_penalty,mean_power_penalty,comfort_violation (%),length(timesteps),time_elapsed(seconds)
0,-16782.514710879714,-0.4789530454018183,188720327.22902763,5385.854087586405,-1277.2523220657547,-0.03645126489913683,-18872.032722902757,-0.5385854087586404,8.92123287671233,35040,31536000
1,-16970.26532728931,-0.48431122509387303,190571161.06491798,5438.674687925742,-1280.376485951954,-0.036540424827395945,-19057.1161064918,-0.5438674687925742,8.9412100456621,35040,31536000
2,-17046.065541712007,-0.48647447322237464,191780737.56881842,5473.19456532016,-1246.5168670885853,-0.035574111503669674,-19178.073756881844,-0.5473194565320161,8.744292237442924,35040,31536000
3,-16970.20727915859,-0.4843095684691378,190935959.67848834,5449.085607262795,-1260.2771409936474,-0.0359668133845219,-19093.595967848833,-0.5449085607262795,8.789954337899543,35040,31536000
4,-17044.155882919535,-0.4864199738276123,191442553.46243623,5463.543192421125,-1264.9355854400324,-0.03609975985844841,-19144.255346243623,-0.5463543192421125,8.872716894977168,35040,31536000
