episode_num,cumulative_reward,mean_reward,cumulative_power_consumption,mean_power_consumption,cumulative_comfort_penalty,mean_comfort_penalty,cumulative_power_penalty,mean_power_penalty,comfort_violation (%),length(timesteps),time_elapsed(seconds)
0,-14286.098718080782,-0.40770829674888076,156517841.34005195,4466.833371576825,-5446.1108547599815,-0.15542553809246523,-15651.784134005195,-0.4466833371576825,18.661529680365298,35040,31536000
1,-14346.321571477298,-0.4094269854873658,157267394.39823607,4488.224725977057,-5456.347855698984,-0.15571768994574725,-15726.739439823608,-0.4488224725977057,18.744292237442924,35040,31536000
2,-14329.517204285192,-0.4089474087980934,156431244.15864813,4464.361990828999,-5519.4614956952755,-0.1575188783018058,-15643.12441586481,-0.44643619908289983,18.964041095890412,35040,31536000
3,-14310.029928713122,-0.4083912650888448,156861977.75047177,4476.654616166432,-5454.564390644286,-0.15566679197044195,-15686.197775047174,-0.4476654616166431,18.801369863013697,35040,31536000
4,-14313.63417684666,-0.4084941260515599,156638160.94373283,4470.267150220686,-5494.966227877114,-0.15681981243941534,-15663.816094373284,-0.4470267150220686,18.77853881278539,35040,31536000
