episode_num,cumulative_reward,mean_reward,cumulative_power_consumption,mean_power_consumption,cumulative_comfort_penalty,mean_comfort_penalty,cumulative_power_penalty,mean_power_penalty,comfort_violation (%),length(timesteps),time_elapsed(seconds)
0,-7293.406856899612,-0.20814517285672407,78129571.4139954,2229.7252115866268,-1717.5061667102739,-0.049015586949494115,-7812.957141399541,-0.2229725211586627,8.31906392694064,35040,31536000
1,-7248.214509573353,-0.20685543691704775,77620689.74449052,2215.202332890711,-1713.9517757655785,-0.04891414885175738,-7762.068974449052,-0.2215202332890711,8.353310502283104,35040,31536000
2,-7367.734459372242,-0.21026639438847722,78784892.32267635,2248.427292313823,-1758.2082629809454,-0.050177176454935656,-7878.489232267636,-0.2248427292313823,8.24486301369863,35040,31536000
3,-7216.756782859539,-0.2059576707437083,77408336.85485083,2209.142033528848,-1690.1280992688894,-0.048234249408358715,-7740.833685485084,-0.2209142033528848,8.242009132420092,35040,31536000
4,-7289.492443791646,-0.20803346015387117,78135498.62118396,2229.894367042921,-1716.7049404344743,-0.048992720902810344,-7813.549862118397,-0.22298943670429214,8.350456621004566,35040,31536000
