episode_num,cumulative_reward,mean_reward,cumulative_power_consumption,mean_power_consumption,cumulative_comfort_penalty,mean_comfort_penalty,cumulative_power_penalty,mean_power_penalty,comfort_violation (%),mean_comfort_violation,std_comfort_violation,cumulative_comfort_violation,length(timesteps),time_elapsed(seconds)
0,-34277.587587757705,-0.4891208274508805,408884887.79040825,5834.544631712447,-27666.68639647459,-0.3947871917305164,-40888.48877904082,-0.5834544631712445,67.61415525114155,0.3947871917305164,0.653745368676072,27666.68639647459,35040,31536000
1,-34294.50263820459,-0.48936219517986,410296254.59175915,5854.68399817008,-27559.379817233254,-0.39325599054271193,-41029.62545917592,-0.585468399817008,67.40867579908677,0.39325599054271193,0.6473150571129297,27559.379817233254,35040,31536000
2,-34391.38983319142,-0.49074471793937524,412016973.5578764,5879.237636385223,-27581.082310595197,-0.39356567224022826,-41201.69735578763,-0.5879237636385222,67.24885844748857,0.39356567224022826,0.648273301704298,27581.082310595197,35040,31536000
3,-34091.790519793394,-0.48646961358152674,408006867.8091592,5822.015807779098,-27382.894258670858,-0.3907376463851435,-40800.686780915916,-0.5822015807779097,67.4771689497717,0.3907376463851435,0.6437255866345378,27382.894258670858,35040,31536000
4,-34154.16214851947,-0.48735961969919334,408163603.876688,5824.252338423059,-27491.963909370133,-0.3922940055560807,-40816.36038766881,-0.582425233842306,67.56849315068493,0.3922940055560807,0.647751853069648,27491.963909370133,35040,31536000
