episode_num,cumulative_reward,mean_reward,cumulative_power_consumption,mean_power_consumption,cumulative_comfort_penalty,mean_comfort_penalty,cumulative_power_penalty,mean_power_penalty,comfort_violation (%),length(timesteps),time_elapsed(seconds)
0,-7145.144133559063,-0.2039139307522564,70938876.81983888,2024.5113247670913,-4107.111905082793,-0.1172120977477966,-7093.88768198389,-0.20245113247670918,15.057077625570775,35040,31536000
1,-7083.158935545206,-0.20214494679067369,70282581.1923317,2005.7814267217952,-4057.5175516908466,-0.11579673378113146,-7028.258119233171,-0.20057814267217952,15.102739726027398,35040,31536000
2,-7163.635252096062,-0.2044416453223762,71335485.40408501,2035.8300629019695,-4096.554294353307,-0.1169107960717268,-7133.548540408501,-0.20358300629019696,15.11986301369863,35040,31536000
3,-7104.274732555458,-0.20274756656836354,70614716.3047125,2015.2601685134848,-4080.9105515918263,-0.11646434222579413,-7061.471630471252,-0.20152601685134852,15.131278538812785,35040,31536000
4,-7144.270615942323,-0.20388900159652748,70747670.71224037,2019.0545294589147,-4138.078975287331,-0.11809586116687587,-7074.767071224038,-0.2019054529458915,15.376712328767123,35040,31536000
