episode_num,cumulative_reward,mean_reward,cumulative_power_consumption,mean_power_consumption,cumulative_comfort_penalty,mean_comfort_penalty,cumulative_power_penalty,mean_power_penalty,comfort_violation (%),length(timesteps),time_elapsed(seconds)
0,-13077.681663950218,-0.37322150867437837,124064728.81263854,3540.6600688538397,-6097.721678828243,-0.17402173740948182,-12406.472881263855,-0.354066006885384,17.057648401826484,35040,31536000
1,-13197.52151152743,-0.3766415956486139,125120030.69188765,3570.777131617798,-6130.111740960887,-0.17494611132879243,-12512.003069188766,-0.35707771316177983,17.043378995433788,35040,31536000
2,-13239.870235010088,-0.37785017793978565,126235114.80458903,3602.6003083501437,-6041.266294314956,-0.17241056776013003,-12623.511480458903,-0.36026003083501434,17.177511415525114,35040,31536000
3,-13147.009764189466,-0.3752000503478729,125439246.6285844,3579.887175473299,-6014.375206569024,-0.17164312804135343,-12543.924662858442,-0.35798871754732997,17.134703196347033,35040,31536000
4,-13193.167586330177,-0.3765173397925279,125511742.42938472,3581.9561195600663,-6043.5125037605785,-0.1724746719109754,-12551.174242938476,-0.35819561195600674,17.26027397260274,35040,31536000
