episode_num,cumulative_reward,mean_reward,cumulative_power_consumption,mean_power_consumption,cumulative_comfort_penalty,mean_comfort_penalty,cumulative_power_penalty,mean_power_penalty,comfort_violation (%),length(timesteps),time_elapsed(seconds)
0,-17097.711073810813,-0.4879483753941442,205947697.999182,5877.502796780308,-1521.9338035354629,-0.04343418389085225,-20594.7697999182,-0.5877502796780307,9.198059360730594,35040,31536000
1,-17194.131293891707,-0.49070009400375875,206553859.35939416,5894.801922357139,-1617.2260492599296,-0.04615371145148201,-20655.385935939416,-0.5894801922357139,9.375,35040,31536000
2,-17285.499582581488,-0.49330763648919773,207793854.47776476,5930.189910895113,-1578.512816031672,-0.045048881736063695,-20779.385447776476,-0.5930189910895113,9.454908675799087,35040,31536000
3,-17057.838316225527,-0.48681045423018054,205361542.18519568,5860.774605741886,-1540.2959795322788,-0.04395821859395773,-20536.15421851956,-0.5860774605741884,9.269406392694064,35040,31536000
4,-17118.809076253838,-0.48855048733601136,205657691.6982475,5869.226361251355,-1560.7609613337538,-0.0445422648782464,-20565.76916982475,-0.5869226361251356,9.432077625570777,35040,31536000
