episode_num,cumulative_reward,mean_reward,cumulative_power_consumption,mean_power_consumption,cumulative_comfort_penalty,mean_comfort_penalty,cumulative_power_penalty,mean_power_penalty,comfort_violation (%),length(timesteps),time_elapsed(seconds)
0,-20803.565687147053,-0.5937090664140141,210162034.1700151,5997.774947774404,-20590.927957292595,-0.5876406380505877,-21016.20341700151,-0.5997774947774404,41.298515981735164,35040,31536000
1,-20694.378945862434,-0.5905930064458457,211124455.99338633,6025.241324012167,-20276.312292386232,-0.5786618804904746,-21112.445599338636,-0.6025241324012168,41.284246575342465,35040,31536000
2,-20969.715349231672,-0.5984507805146025,210164296.39587703,5997.839509014755,-20923.00105887564,-0.5971176101277295,-21016.4296395877,-0.5997839509014754,41.58961187214612,35040,31536000
3,-20690.710938921893,-0.5904883258824741,210438114.35226303,6005.653948409333,-20337.610442617482,-0.580411256924015,-21043.811435226307,-0.6005653948409334,41.3384703196347,35040,31536000
4,-20821.17785203642,-0.5942116966905371,210372020.01350304,6003.767694449288,-20605.153702722528,-0.5880466239361452,-21037.202001350306,-0.6003767694449288,41.50114155251142,35040,31536000
