episode_num,cumulative_reward,mean_reward,cumulative_power_consumption,mean_power_consumption,cumulative_comfort_penalty,mean_comfort_penalty,cumulative_power_penalty,mean_power_penalty,comfort_violation (%),mean_comfort_violation,std_comfort_violation,cumulative_comfort_violation,length(timesteps),time_elapsed(seconds)
0,-18949.014271521304,-0.27039118538129714,230525542.64990708,3289.4626519678523,-14845.474278051908,-0.2118361055658092,-23052.554264990704,-0.32894626519678516,65.55936073059361,0.2118361055658092,0.4022085603562088,14845.474278051908,35040,31536000
1,-18769.75651772233,-0.26783328364329806,228714147.05286735,3263.6151120557556,-14668.098330157929,-0.20930505608102068,-22871.414705286734,-0.32636151120557555,65.43949771689498,0.20930505608102068,0.39887557939392865,14668.098330157929,35040,31536000
2,-19019.917165230905,-0.27140292758605744,232075293.87503582,3311.5766820067897,-14832.304942958233,-0.21164818697143598,-23207.52938750358,-0.33115766820067893,65.31963470319636,0.21164818697143598,0.40050026936469624,14832.304942958233,35040,31536000
3,-18838.998909863836,-0.2688213314763675,229520568.04537004,3275.122260921376,-14725.941015190667,-0.2101304368605974,-22952.056804537002,-0.3275122260921376,65.3824200913242,0.2101304368605974,0.4004300322462895,14725.941015190667,35040,31536000
4,-18929.474812000975,-0.27011236889270795,229996274.7459356,3281.9103131554734,-14859.322149408388,-0.21203370646986855,-22999.627474593563,-0.3281910313155474,65.587899543379,0.21203370646986855,0.40187643241318743,14859.322149408388,35040,31536000
