episode_num,cumulative_reward,mean_reward,cumulative_power_consumption,mean_power_consumption,cumulative_comfort_penalty,mean_comfort_penalty,cumulative_power_penalty,mean_power_penalty,comfort_violation (%),length(timesteps),time_elapsed(seconds)
0,-17068.54929909119,-0.4871161329649313,205145275.8797545,5854.602622139113,-1569.3519355230883,-0.044787441082279916,-20514.52758797545,-0.5854602622139113,8.527397260273972,35040,31536000
1,-17141.458230551274,-0.48919686731025325,206117218.67598438,5882.340715638824,-1580.4467593890427,-0.04510407418347724,-20611.72186759844,-0.5882340715638824,8.57876712328767,35040,31536000
2,-17099.87996059529,-0.48801027284803916,205079635.73345426,5852.729330292645,-1585.0178549961913,-0.045234527825233774,-20507.963573345423,-0.5852729330292644,8.558789954337898,35040,31536000
3,-17082.17662898231,-0.4875050407814586,205537794.55730203,5865.80463919241,-1574.6878174046892,-0.04493972081634387,-20553.7794557302,-0.5865804639192409,8.60730593607306,35040,31536000
4,-17105.981409527656,-0.4881844009568395,205424252.1409685,5862.564273429466,-1592.3461335407828,-0.04544366819465705,-20542.425214096853,-0.5862564273429467,8.687214611872147,35040,31536000
