episode_num,cumulative_reward,mean_reward,cumulative_power_consumption,mean_power_consumption,cumulative_comfort_penalty,mean_comfort_penalty,cumulative_power_penalty,mean_power_penalty,comfort_violation (%),length(timesteps),time_elapsed(seconds)
0,-13367.277837192918,-0.3814862396459166,167624117.147889,4783.793297599572,-1655.249621026255,-0.04723885904755294,-16762.4117147889,-0.47837932975995723,9.503424657534246,35040,31536000
1,-13414.153851282288,-0.38282402543613836,168367955.58184355,4805.021563408777,-1656.669548738162,-0.047279382098691834,-16836.795558184356,-0.48050215634087773,9.648972602739727,35040,31536000
2,-13381.663243383924,-0.3818967820600435,167470286.62909207,4779.403157222947,-1658.7089815203212,-0.04733758508905026,-16747.028662909208,-0.47794031572229473,9.466324200913242,35040,31536000
3,-13398.184539280088,-0.3823682802305961,168089753.11115378,4797.081995181329,-1674.0785956828058,-0.04777621563021706,-16808.975311115377,-0.4797081995181329,9.620433789954339,35040,31536000
4,-13393.483473803422,-0.38223411740306573,167791826.06355235,4788.579510946129,-1679.1599632002278,-0.04792123182649052,-16779.182606355233,-0.4788579510946128,9.600456621004566,35040,31536000
