episode_num,cumulative_reward,mean_reward,cumulative_power_consumption,mean_power_consumption,cumulative_comfort_penalty,mean_comfort_penalty,cumulative_power_penalty,mean_power_penalty,comfort_violation (%),length(timesteps),time_elapsed(seconds)
0,-11641.500937090566,-0.3322346157845481,120793151.24892049,3447.293129250014,-2237.205201845822,-0.06384718041797438,-12079.31512489205,-0.3447293129250014,12.773972602739725,35040,31536000
1,-11564.47344214492,-0.3300363425269669,119871486.9083639,3420.9899231839013,-2237.66842445518,-0.0638604002413008,-11987.148690836391,-0.34209899231839014,12.768264840182647,35040,31536000
2,-11695.305942492387,-0.3337701467606275,121565424.14532587,3469.3328808597566,-2237.135098736138,-0.06384517975845143,-12156.542414532589,-0.34693328808597573,12.771118721461185,35040,31536000
3,-11590.905770004088,-0.3307906897832217,120228259.2983029,3431.171783627366,-2238.7890300477043,-0.06389238099451211,-12022.825929830291,-0.34311717836273664,12.773972602739725,35040,31536000
4,-11611.799183002207,-0.3313869629852228,120482683.6107166,3438.4327514473916,-2238.3691088023015,-0.06388039694070495,-12048.268361071661,-0.34384327514473917,12.771118721461185,35040,31536000
