episode_num,cumulative_reward,mean_reward,cumulative_power_consumption,mean_power_consumption,cumulative_comfort_penalty,mean_comfort_penalty,cumulative_power_penalty,mean_power_penalty,comfort_violation (%),length(timesteps),time_elapsed(seconds)
0,-19264.699477908664,-0.5497916517667998,219181929.76309928,6255.19205944918,-2363.8239402563427,-0.06746072888859425,-21918.192976309925,-0.6255192059449179,12.773972602739725,35040,31536000
1,-19347.158763202657,-0.552144941872222,220205061.1188558,6284.391013665976,-2364.746677248077,-0.06748706270685151,-22020.50611188558,-0.6284391013665976,12.779680365296803,35040,31536000
2,-19291.632777383486,-0.5505602961582045,219130149.4396466,6253.714310492198,-2366.9104978524365,-0.0675488155779805,-21913.014943964663,-0.6253714310492199,12.776826484018263,35040,31536000
3,-19296.447539404406,-0.5506977037501257,219610254.80979726,6267.415947768187,-2367.101935166244,-0.06755427897163938,-21961.02548097973,-0.6267415947768188,12.782534246575342,35040,31536000
4,-19286.523105330347,-0.5504144721840852,219380022.69551364,6260.845396561463,-2368.2989383201048,-0.06758844002055094,-21938.00226955136,-0.6260845396561462,12.782534246575342,35040,31536000
