episode_num,cumulative_reward,mean_reward,cumulative_power_consumption,mean_power_consumption,cumulative_comfort_penalty,mean_comfort_penalty,cumulative_power_penalty,mean_power_penalty,comfort_violation (%),length(timesteps),time_elapsed(seconds)
0,-16324.043364875703,-0.46586881749074494,213637048.69935906,6096.947736853855,-11284.381859815501,-0.3220428612961045,-21363.7048699359,-0.6096947736853853,33.541666666666664,35040,31536000
1,-16432.053141922443,-0.4689512882968734,214512964.53007722,6121.945334762478,-11412.809830837161,-0.3257080431174989,-21451.296453007722,-0.6121945334762477,33.73858447488585,35040,31536000
2,-16375.760065488737,-0.4673447507274183,213689622.87130955,6098.448141304496,-11382.557843846518,-0.3248446873243869,-21368.96228713096,-0.6098448141304498,33.87271689497717,35040,31536000
3,-16366.776799494482,-0.4670883789810069,213867869.4973356,6103.535088394281,-11346.766649255404,-0.3238232491225857,-21386.78694973356,-0.6103535088394281,33.60159817351598,35040,31536000
4,-16389.07949405424,-0.46772487140565755,213726393.48344344,6099.497530920189,-11405.519639764136,-0.3254999897192961,-21372.639348344343,-0.6099497530920189,34.00684931506849,35040,31536000
