episode_num,cumulative_reward,mean_reward,cumulative_power_consumption,mean_power_consumption,cumulative_comfort_penalty,mean_comfort_penalty,cumulative_power_penalty,mean_power_penalty,comfort_violation (%),length(timesteps),time_elapsed(seconds)
0,-20239.6900866199,-0.5776167262163213,203704133.04419506,5813.474116558078,-20108.96686882029,-0.5738860407768348,-20370.413304419508,-0.5813474116558078,41.0958904109589,35040,31536000
1,-20218.430873108202,-0.5770100135019464,204620394.58748543,5839.623133204493,-19974.822287467858,-0.5700577136834434,-20462.039458748543,-0.5839623133204492,41.10730593607306,35040,31536000
2,-20376.736010767054,-0.5815278541885575,203739979.20875543,5814.497123537541,-20379.47410065857,-0.5816059960233609,-20373.997920875543,-0.5814497123537541,41.41837899543379,35040,31536000
3,-20214.18868202804,-0.5768889464049098,203966663.99574578,5820.966438234754,-20031.710964481506,-0.5716812489863443,-20396.666399574577,-0.5820966438234754,41.09018264840182,35040,31536000
4,-20270.994557886454,-0.5785101186611431,203877841.5591589,5818.431551345859,-20154.204959857016,-0.5751770821877003,-20387.78415591589,-0.581843155134586,41.284246575342465,35040,31536000
