episode_num,cumulative_reward,mean_reward,cumulative_power_consumption,mean_power_consumption,cumulative_comfort_penalty,mean_comfort_penalty,cumulative_power_penalty,mean_power_penalty,comfort_violation (%),length(timesteps),time_elapsed(seconds)
0,-8440.847093536859,-0.24089175495253592,70687451.1012472,2017.3359332547718,-6486.909293808463,-0.18512868989179404,-7068.745110124722,-0.20173359332547722,17.37728310502283,35040,31536000
1,-8317.674798078491,-0.23737656387210307,70051180.16275848,1999.177516060459,-6265.86468671879,-0.17882033923284218,-7005.118016275848,-0.19991775160604588,16.92066210045662,35040,31536000
2,-8452.184686873537,-0.24121531640620825,71125461.60647514,2029.8362330615053,-6425.721334510294,-0.18338245817666363,-7112.546160647514,-0.2029836233061505,17.388698630136986,35040,31536000
3,-8388.421681978107,-0.23939559594686377,70483460.55976933,2011.5142853815448,-6389.742879940597,-0.18235567579739148,-7048.3460559769355,-0.20115142853815454,17.188926940639266,35040,31536000
4,-8426.158873937118,-0.24047257060322827,70561990.31093304,2013.755431248089,-6448.869519487223,-0.18404307989404176,-7056.199031093305,-0.20137554312480893,17.45433789954338,35040,31536000
