episode_num,cumulative_reward,mean_reward,cumulative_power_consumption,mean_power_consumption,cumulative_comfort_penalty,mean_comfort_penalty,cumulative_power_penalty,mean_power_penalty,comfort_violation (%),length(timesteps),time_elapsed(seconds)
0,-12323.16486849124,-0.3516884951053436,127859381.35717782,3648.9549474080427,-5904.544756875945,-0.16850869739942764,-12785.938135717783,-0.3648954947408043,16.506849315068493,35040,31536000
1,-12361.235472733053,-0.3527749849524273,128263092.055056,3660.4763714342466,-5904.92298997859,-0.16851949172313327,-12826.309205505602,-0.3660476371434247,16.501141552511417,35040,31536000
2,-12551.543748080632,-0.35820615719408194,130182685.75670224,3715.259296709539,-5987.298792178457,-0.17087039932016143,-13018.268575670223,-0.3715259296709539,16.63527397260274,35040,31536000
3,-12359.815177203958,-0.35273445140422255,128736720.24690758,3673.9931577313805,-5747.882196747143,-0.16403773392543217,-12873.672024690759,-0.3673993157731381,16.48687214611872,35040,31536000
4,-12505.208802743866,-0.3568838128636948,129756045.39286613,3703.08348723933,-5974.880002579812,-0.17051598180878458,-12975.604539286614,-0.37030834872393303,16.692351598173516,35040,31536000
