episode_num,cumulative_reward,mean_reward,cumulative_power_consumption,mean_power_consumption,cumulative_comfort_penalty,mean_comfort_penalty,cumulative_power_penalty,mean_power_penalty,comfort_violation (%),length(timesteps),time_elapsed(seconds)
0,-7157.131644720169,-0.2042560400890459,123307129.99097154,3519.039097915854,-1983.5502903431836,-0.05660817038650638,-12330.712999097155,-0.3519039097915855,20.493721461187214,35040,31536000
1,-7067.318242868483,-0.20169287222798182,122352590.91486005,3491.7976859263713,-1899.37739425096,-0.05420597586332648,-12235.259091486007,-0.34917976859263716,20.00285388127854,35040,31536000
2,-7160.6086115494745,-0.20435526859444847,124093602.03523573,3541.4840763480515,-1911.8570195753764,-0.054562129554091794,-12409.360203523573,-0.35414840763480515,20.371004566210047,35040,31536000
3,-7122.015177883464,-0.20325385781630892,122655882.80491683,3500.4532763960283,-1978.4420752752474,-0.05646238799301505,-12265.588280491684,-0.35004532763960283,20.373858447488587,35040,31536000
4,-7126.913012969856,-0.20339363621489315,122969628.98576471,3509.4072199133766,-1956.863127363238,-0.05584655043844857,-12296.962898576472,-0.3509407219913377,20.422374429223744,35040,31536000
