episode_num,cumulative_reward,mean_reward,cumulative_power_consumption,mean_power_consumption,cumulative_comfort_penalty,mean_comfort_penalty,cumulative_power_penalty,mean_power_penalty,comfort_violation (%),length(timesteps),time_elapsed(seconds)
0,-6858.738469877513,-0.19574025313577378,114534508.17729287,3268.6788863382667,-2264.0261220257375,-0.06461261763772082,-11453.450817729286,-0.32686788863382665,20.833333333333336,35040,31536000
1,-6748.9995903901845,-0.19260843579880663,113482022.45102653,3238.6421932370586,-2149.7969356777153,-0.0613526522739074,-11348.202245102653,-0.32386421932370585,20.613584474885847,35040,31536000
2,-6810.833242609905,-0.19437309482334203,115188227.49830538,3287.335259654834,-2102.8437353892723,-0.060012663681200694,-11518.822749830539,-0.3287335259654834,20.781963470319635,35040,31536000
3,-6751.8152933874435,-0.19268879261950467,113765294.89553913,3246.726452498263,-2127.101097220971,-0.060704939989182964,-11376.529489553915,-0.32467264524982636,20.299657534246577,35040,31536000
4,-6797.627140403795,-0.19399620834485717,114588924.10586789,3270.2318523364124,-2136.361870220798,-0.06096923145607301,-11458.89241058679,-0.32702318523364127,20.008561643835616,35040,31536000
