episode_num,cumulative_reward,mean_reward,cumulative_power_consumption,mean_power_consumption,cumulative_comfort_penalty,mean_comfort_penalty,cumulative_power_penalty,mean_power_penalty,comfort_violation (%),length(timesteps),time_elapsed(seconds)
0,-12101.9080979501,-0.3453740895533704,136614385.0942474,3898.812359995645,-2851.8773274760283,-0.0813891931357314,-13661.438509424741,-0.38988123599956453,13.707191780821917,35040,31536000
1,-12197.642410471506,-0.34810623317555667,137252632.59214273,3917.0271858488222,-2889.768184008574,-0.08247055319659172,-13725.263259214275,-0.39170271858488226,13.804223744292237,35040,31536000
2,-12304.967811151462,-0.3511691726926787,138986079.63795468,3966.4977065626335,-2856.5849772349034,-0.08152354387085911,-13898.60796379547,-0.3966497706562634,13.692922374429223,35040,31536000
3,-12192.333712462401,-0.34795472923694065,137855314.46479285,3934.227010981531,-2843.7525072494045,-0.08115732041236885,-13785.531446479283,-0.393422701098153,13.712899543378995,35040,31536000
4,-12242.451264036228,-0.34938502465856813,137906511.14317024,3935.688103400977,-2878.6977297905946,-0.0821546155762156,-13790.651114317025,-0.3935688103400977,13.881278538812786,35040,31536000
