episode_num,cumulative_reward,mean_reward,cumulative_power_consumption,mean_power_consumption,cumulative_comfort_penalty,mean_comfort_penalty,cumulative_power_penalty,mean_power_penalty,comfort_violation (%),length(timesteps),time_elapsed(seconds)
0,-12012.68259539832,-0.342827699640363,123722368.02925113,3530.8894985516877,-6151.11454167313,-0.17554550632628796,-12372.236802925116,-0.3530889498551688,17.086187214611872,35040,31536000
1,-12132.602245387558,-0.34625006408069514,124780654.14123638,3561.091727775011,-6184.7000598413715,-0.17650399714159165,-12478.065414123637,-0.35610917277750104,17.06906392694064,35040,31536000
2,-12196.01306723206,-0.348059733653883,125885927.54747279,3592.63491859226,-6100.607743187974,-0.17410410225993075,-12588.592754747278,-0.35926349185922596,17.203196347031962,35040,31536000
3,-12113.252268289627,-0.34569783870689574,125089446.64828192,3569.904299323114,-6067.888095025368,-0.1731703223466144,-12508.944664828192,-0.3569904299323114,17.148972602739725,35040,31536000
4,-12158.943356521384,-0.3470018081199025,125168420.29285698,3572.1581133806217,-6098.62645625071,-0.17404755868295407,-12516.842029285699,-0.3572158113380622,17.283105022831048,35040,31536000
